-- استخدمت الذكاء الاصطناعي هنا لتوليد بيانات تجريبية
-- ============================================================
-- سكريبت بيانات تجريبية - متجرنا
-- ecommerce_db - Seed Data
-- ============================================================
-- تشغيل: mysql -u root -p ecommerce_db < seed_data.sql
-- أو استيراده من phpMyAdmin
-- ============================================================

USE `ecommerce_db`;

-- تعطيل فحص المفاتيح الخارجية مؤقتاً لتسهيل الإدراج
SET FOREIGN_KEY_CHECKS = 0;

-- ============================================================
-- 1. مسح البيانات القديمة (اختياري - قم بإزالة التعليق إن أردت)
-- ============================================================
-- TRUNCATE TABLE `order_items`;
-- TRUNCATE TABLE `orders`;
-- TRUNCATE TABLE `cart_items`;
-- TRUNCATE TABLE `newsletter_subscribers`;
-- TRUNCATE TABLE `contacts`;
-- TRUNCATE TABLE `products`;
-- TRUNCATE TABLE `users`;

-- ============================================================
-- 2. المستخدمون (users)
-- كلمة المرور للجميع: Test@1234
-- Hash: password_hash('Test@1234', PASSWORD_DEFAULT)
-- ============================================================

INSERT INTO `users` (`user_id`, `full_name`, `email`, `password`, `phone`, `address`, `role`, `created_at`) VALUES
(2,  'أدمن المتجر',     'admin@matjarna.com',   '$2y$10$nQdTDXdurmm4F5Mns6Xlme3k1ve.cHtSfdjm8QWUJ56G.RoGwklDi', '0500000001', 'الرياض، حي العليا، شارع الملك فهد',          'admin',    '2026-01-01 08:00:00'),
(3,  'سارة الأحمد',     'sara@example.com',     '$2y$10$nQdTDXdurmm4F5Mns6Xlme3k1ve.cHtSfdjm8QWUJ56G.RoGwklDi', '0501111111', 'جدة، حي الروضة، شارع الأمير سلطان',          'customer', '2026-01-15 10:30:00'),
(4,  'خالد المطيري',    'khalid@example.com',   '$2y$10$nQdTDXdurmm4F5Mns6Xlme3k1ve.cHtSfdjm8QWUJ56G.RoGwklDi', '0502222222', 'الدمام، حي الشاطئ، شارع الملك عبدالعزيز',   'customer', '2026-02-03 14:20:00'),
(5,  'نورة العتيبي',    'noura@example.com',    '$2y$10$nQdTDXdurmm4F5Mns6Xlme3k1ve.cHtSfdjm8QWUJ56G.RoGwklDi', '0503333333', 'مكة المكرمة، حي العزيزية',                   'customer', '2026-02-20 09:15:00'),
(6,  'فهد الغامدي',     'fahad@example.com',    '$2y$10$nQdTDXdurmm4F5Mns6Xlme3k1ve.cHtSfdjm8QWUJ56G.RoGwklDi', '0504444444', 'المدينة المنورة، حي العوالي',                 'customer', '2026-03-05 16:45:00'),
(7,  'ريم القحطاني',    'reem@example.com',     '$2y$10$nQdTDXdurmm4F5Mns6Xlme3k1ve.cHtSfdjm8QWUJ56G.RoGwklDi', '0505555555', 'الرياض، حي النزهة، شارع التحلية',            'customer', '2026-03-18 11:00:00'),
(8,  'عمر الزهراني',    'omar@example.com',     '$2y$10$nQdTDXdurmm4F5Mns6Xlme3k1ve.cHtSfdjm8QWUJ56G.RoGwklDi', '0506666666', 'أبها، حي الربوة',                             'customer', '2026-04-02 08:30:00'),
(9,  'هند السبيعي',     'hind@example.com',     '$2y$10$nQdTDXdurmm4F5Mns6Xlme3k1ve.cHtSfdjm8QWUJ56G.RoGwklDi', '0507777777', 'الطائف، حي السلامة',                          'customer', '2026-04-14 13:20:00'),
(10, 'بدر الحربي',      'badr@example.com',     '$2y$10$nQdTDXdurmm4F5Mns6Xlme3k1ve.cHtSfdjm8QWUJ56G.RoGwklDi', '0508888888', 'بريدة، حي الخزامى',                           'customer', '2026-04-28 17:00:00');

-- ============================================================
-- 3. المنتجات (products)
-- ============================================================

INSERT INTO `products` (`product_id`, `name`, `description`, `price`, `stock_quantity`, `image_url`, `category_id`, `created_at`) VALUES
-- إلكترونيات (category_id = 1)
(2,  'سماعات لاسلكية عالية الجودة',     'سماعات بلوتوث مع خاصية إلغاء الضوضاء النشط، بطارية تدوم 30 ساعة، وصوت استثنائي بجهير عميق وحدة عالية الوضوح. مريحة للاستخدام المطول.',                                             349.00, 25, 'https://images.unsplash.com/photo-1505740420928-5e560c06d30e?w=600&h=600&fit=crop',  1, '2026-01-10 09:00:00'),
(3,  'ساعة ذكية متعددة الاستخدامات',   'ساعة ذكية تتابع نشاطك اليومي وقياس ضربات القلب ومستوى الأكسجين في الدم. شاشة AMOLED واضحة ومقاومة للماء. دعم الإشعارات والمكالمات مباشرةً من معصمك.',                             699.00, 18, 'https://images.unsplash.com/photo-1546868871-af0de0ae72be?w=600&h=600&fit=crop',  1, '2026-01-12 10:00:00'),
(4,  'لابتوب خفيف الوزن للأعمال',      'لابتوب بشاشة 14 بوصة Full HD، معالج Intel Core i7 الجيل الثالث عشر، ذاكرة 16GB RAM، SSD بسعة 512GB. مثالي للعمل والدراسة مع بطارية تدوم 12 ساعة.',                              3200.00,  8, 'https://images.unsplash.com/photo-1496181133206-80ce9b88a853?w=600&h=600&fit=crop', 1, '2026-01-20 11:00:00'),
(5,  'كاميرا رقمية احترافية',           'كاميرا ميرورليس بدقة 24 ميغابيكسل مع تثبيت بصري للصورة وتسجيل فيديو 4K. مزودة بعدسة 18-55mm، مناسبة للمصورين المحترفين والمبتدئين.',                                               1850.00, 10, 'https://images.unsplash.com/photo-1516035069371-29a1b244cc32?w=600&h=600&fit=crop', 1, '2026-02-01 09:30:00'),

-- ملابس (category_id = 2)
(6,  'قميص رجالي كلاسيكي',             'قميص أكسفورد رجالي بقصة مريحة من قطن 100% عالي الجودة. يناسب الإطلالات الرسمية وشبه الرسمية. متوفر بألوان متعددة.',                                                                  129.00, 50, 'https://images.unsplash.com/photo-1598033129183-c4f50c736f10?w=600&h=600&fit=crop', 2, '2026-01-25 08:00:00'),
(7,  'بلوزة سادة اسود',                'بلوزة رجالية انيقة باللون الاسود مصنوعة من قماش ناعم بقصة مريحة.',                                                                                                                45.00, 20, 'https://florem.ps/image/cache/catalog/2025-12-27/2025-12-27/64c004d9-086a-4f82-b54e-f2d6efbf03f0-640x800w.jpeg', 2, '2026-02-10 09:00:00'),
(8,  'بنطال جينز كلاسيكي',             'بنطال جينز بقصة مستقيمة مريحة من قماش دينم عالي الجودة. تصميم كلاسيكي يناسب جميع الإطلالات اليومية.',                                                                                 189.00, 40, 'https://images.unsplash.com/photo-1542272604-787c3835535d?w=600&h=600&fit=crop', 2, '2026-02-15 10:00:00'),

-- إكسسوارات (category_id = 3)
(9,  'نظارة شمسية بإطار أنيق',         'نظارة شمسية بعدسات مستقطبة UV400 تحمي عينيك من أشعة الشمس الضارة. إطار خفيف من الأسيتات الفاخر. تأتي مع علبة جلدية وقطعة تنظيف.',                                                    129.00, 35, 'https://images.unsplash.com/photo-1572635196237-14b3f281503f?w=600&h=600&fit=crop', 3, '2026-02-20 09:00:00'),
(10, 'سوار ذهبي أنيق',                 'سوار من الذهب المطلي عيار 18 قيراط مع تشطيب لامع فاخر. خفيف على المعصم ومناسب للاستخدام اليومي والمناسبات.',                                                                           175.00, 30, 'https://images.unsplash.com/photo-1594534475808-b18fc33b045e?w=600&h=600&fit=crop', 3, '2026-03-01 10:00:00'),
(11, 'حقيبة جلد فاخرة',                'حقيبة يد نسائية من الجلد الطبيعي الفاخر بتصميم عصري وسعة كافية. تحتوي على حجرات متعددة منظمة. متوفرة بألوان كلاسيكية.',                                                               580.00, 15, 'https://images.unsplash.com/photo-1548036328-c9fa89d128fa?w=600&h=600&fit=crop', 3, '2026-03-05 11:00:00'),

-- عطور (category_id = 4)
(12, 'عطر فاخر بتركيبة فرنسية',        'عطر رجالي فاخر بتركيبة فرنسية تجمع بين العود والمسك والخشب الكريم. ثبات عالٍ يدوم لأكثر من 12 ساعة. علبة تغليف فاخرة تجعله هدية مثالية.',                                           280.00, 22, 'https://images.unsplash.com/photo-1585386959984-a4155224a1ad?w=600&h=600&fit=crop', 4, '2026-03-10 09:00:00'),
(13, 'عطر نسائي زهري ناعم',            'عطر نسائي بأريج زهري ناعم ومميز يجمع بين الورد والياسمين والمسك الأبيض. خفيف وانثوي، مثالي للاستخدام اليومي.',                                                                         220.00, 28, 'https://images.unsplash.com/photo-1541643600914-78b084683702?w=600&h=600&fit=crop', 4, '2026-03-12 10:00:00'),

-- أحذية (category_id = 5)
(14, 'حذاء رياضي مريح وعصري',          'حذاء رياضي بنعل مرن يوفر دعماً ممتازاً للقدم. مصنوع من شبكة قابلة للتنفس تبقي قدمك باردة. مناسب للمشي والجري والاستخدام اليومي.',                                                    199.00, 45, 'https://images.unsplash.com/photo-1491553895911-0055eca6402d?w=600&h=600&fit=crop', 5, '2026-03-15 09:00:00'),
(15, 'حذاء رسمي جلد طبيعي',            'حذاء رسمي كلاسيكي مصنوع من الجلد الطبيعي الإيطالي بتشطيب لامع. مريح للاستخدام المطول مع نعل مطاطي مقاوم للانزلاق.',                                                                   380.00, 20, 'https://images.unsplash.com/photo-1614252234498-78e5571b2e4e?w=600&h=600&fit=crop', 5, '2026-03-18 10:00:00'),
(16, 'صندل نسائي أنيق',                'صندل نسائي بكعب متوسط وتصميم مريح يناسب الإطلالات الصيفية. مصنوع من مواد عالية الجودة مع حزام قابل للتعديل.',                                                                          155.00, 32, 'https://images.unsplash.com/photo-1543163521-1bf539c55dd2?w=600&h=600&fit=crop', 5, '2026-03-20 11:00:00');

-- ============================================================
-- 4. الطلبات (orders)
-- ============================================================

INSERT INTO `orders` (`order_id`, `user_id`, `order_date`, `total_amount`, `status`, `shipping_address`) VALUES
(1,  3, '2026-04-03 10:15:00', 1820.00, 'delivered',  'جدة، حي الروضة، شارع الأمير سلطان، رقم 12'),
(2,  1, '2026-04-15 14:30:00',  199.00, 'cancelled',  'الرياض، حي العليا، شارع الملك فهد'),
(3,  4, '2026-04-20 09:00:00',  828.00, 'delivered',  'الدمام، حي الشاطئ، شارع الملك عبدالعزيز، بناية 5'),
(4,  5, '2026-04-28 16:20:00',  548.00, 'delivered',  'مكة المكرمة، حي العزيزية، برج الصفا'),
(5,  3, '2026-05-08 11:10:00',  299.00, 'shipped',    'جدة، حي الروضة، شارع الأمير سلطان، رقم 12'),
(6,  6, '2026-05-10 13:40:00', 1049.00, 'paid',       'المدينة المنورة، حي العوالي، فيلا 3'),
(7,  7, '2026-05-12 08:50:00',  649.00, 'delivered',  'الرياض، حي النزهة، شارع التحلية، شقة 201'),
(8,  3, '2026-05-15 10:25:00', 1375.40, 'delivered',  'جدة، حي الروضة، شارع الأمير سلطان، رقم 12'),
(9,  8, '2026-05-18 15:00:00',  460.00, 'paid',       'أبها، حي الربوة، فيلا 7'),
(10, 9, '2026-05-20 12:30:00',  629.00, 'pending',    'الطائف، حي السلامة، شارع الهدا'),
(11, 10,'2026-05-22 09:15:00',  958.00, 'pending',    'بريدة، حي الخزامى، بيت 14'),
(12, 1, '2026-05-24 17:00:00', 3200.00, 'shipped',    'الرياض، حي العليا، شارع الملك فهد');

-- ============================================================
-- 5. عناصر الطلبات (order_items)
-- ============================================================

INSERT INTO `order_items` (`order_item_id`, `order_id`, `product_id`, `quantity`, `unit_price`) VALUES
-- طلب 1: ساعة ذكية + سماعات + قميص + حذاء رياضي
(1,  1, 3,  1, 699.00),
(2,  1, 2,  1, 349.00),
(3,  1, 6,  2, 129.00),
(4,  1, 14, 2, 199.00),
-- طلب 2: حذاء رياضي
(5,  2, 14, 1, 199.00),
-- طلب 3: سماعات + بلوزة سادة اسود
(6,  3, 2,  1, 349.00),
(7,  3, 7,  1, 450.00),
-- طلب 4: ساعة يد + نظارة
(8,  4, 1,  1, 299.00),
(9,  4, 9,  2, 129.00),
-- طلب 5: ساعة يد
(10, 5, 1,  1, 299.00),
-- طلب 6: لابتوب (جزئي)
(11, 6, 3,  1, 699.00),
(12, 6, 12, 1, 280.00),
(13, 6, 13, 1, 220.00),
-- طلب 7: حقيبة + عطر
(14, 7, 11, 1, 580.00),
(15, 7, 12, 1, 280.00),
-- طلب 8: ساعة يد + سماعات + حذاء رياضي
(16, 8, 1,  1, 299.00),
(17, 8, 2,  2, 349.00),
(18, 8, 14, 1, 199.00),
-- طلب 9: نظارة + سوار
(19, 9, 9,  1, 129.00),
(20, 9, 10, 1, 175.00),
(21, 9, 7,  1, 450.00),
-- طلب 10: بنطال + صندل + عطر نسائي
(22, 10, 8,  1, 189.00),
(23, 10, 16, 1, 155.00),
(24, 10, 13, 1, 220.00),
-- طلب 11: حذاء رسمي + قميص + سوار + عطر
(25, 11, 15, 1, 380.00),
(26, 11, 6,  3, 129.00),
(27, 11, 10, 1, 175.00),
-- طلب 12: لابتوب
(28, 12, 4,  1, 3200.00);

-- ============================================================
-- 6. عناصر السلة (cart_items)
-- ============================================================

INSERT INTO `cart_items` (`cart_id`, `user_id`, `product_id`, `quantity`, `added_at`) VALUES
(1, 1,  15, 1, '2026-05-27 10:00:00'),
(2, 1,  13, 2, '2026-05-27 10:05:00'),
(3, 4,  4,  1, '2026-05-26 14:30:00'),
(4, 4,  9,  1, '2026-05-26 14:35:00'),
(5, 5,  7,  1, '2026-05-25 09:20:00'),
(6, 6,  14, 2, '2026-05-25 16:00:00'),
(7, 7,  3,  1, '2026-05-24 11:45:00'),
(8, 9,  2,  1, '2026-05-28 08:00:00'),
(9, 10, 12, 1, '2026-05-28 08:30:00');

-- ============================================================
-- 7. رسائل التواصل (contacts)
-- ============================================================

INSERT INTO `contacts` (` message_id`, `name`, `email`, `subject`, `message`, `is_read`, `submitted_at`) VALUES
(1, 'سارة الأحمد',   'sara@example.com',   'استفسار عن منتج',         'هل الساعة الذكية متوفرة بلون أسود؟ وما هي مدة الضمان؟',                                                          1, '2026-05-10 09:30:00'),
(2, 'محمد علي',      'moh.ali@mail.com',   'شكوى تأخر شحن',           'مضى على طلبي أكثر من أسبوع ولم يصل بعد، الطلب رقم ORD-003. أرجو المتابعة.',                                    1, '2026-05-12 14:00:00'),
(3, 'خالد المطيري',  'khalid@example.com', 'طلب استرجاع',              'أريد استرجاع الحذاء الرياضي الذي اشتريته لأن المقاس لا يناسبني. كيف يتم الإجراء؟',                              0, '2026-05-15 10:15:00'),
(4, 'نورة السيد',    'noura.s@mail.com',   'استفسار عن الشحن',        'هل تشحنون إلى خارج المملكة؟ وما هي التكاليف؟',                                                                    0, '2026-05-18 16:45:00'),
(5, 'فيصل الدوسري',  'faisal@mail.com',    'اقتراح منتج',             'أقترح إضافة قسم للمنتجات الرياضية مثل معدات الصالة والأجهزة الرياضية.',                                          0, '2026-05-20 11:20:00'),
(6, 'عبدالله ناصر',  'abdulla@mail.com',   'مشكلة في الدفع',          'واجهت خطأ عند الدفع ببطاقتي الائتمانية. هل يوجد طريقة دفع أخرى؟',                                                1, '2026-05-22 09:00:00'),
(7, 'ريم الحربي',    'reem.h@mail.com',    'تهنئة وشكر',              'أريد أن أشكر فريق المتجر على الخدمة الممتازة وسرعة التوصيل. استمروا على هذا المستوى الرائع!',                   0, '2026-05-25 13:30:00'),
(8, 'سلطان القرني',  'sultan@mail.com',    'استفسار كود الخصم',       'هل يوجد كود خصم للمشتريات الأولى؟ وكيف يمكنني الحصول عليه؟',                                                    0, '2026-05-26 15:00:00'),
(9, 'هيا المنصور',   'haya@mail.com',      'تغيير عنوان الشحن',       'أريد تغيير عنوان شحن طلبي قبل أن يتم الشحن. هل هذا ممكن؟',                                                       1, '2026-05-27 08:45:00'),
(10,'أحمد الشمري',   'ahmed.sh@mail.com',  'استفسار توافر منتج',      'متى ستتوفر الكاميرا الرقمية مجدداً؟ أريد شراءها لكنها غير متاحة عندي.',                                          0, '2026-05-28 07:00:00');

-- ============================================================
-- 8. المشتركون في النشرة البريدية (newsletter_subscribers)
-- ============================================================

INSERT INTO `newsletter_subscribers` (`newsletter_subscriber_id`, `email`, `is_active`, `subscribe_at`) VALUES
(1,  'sara@example.com',       1, '2026-01-15 10:35:00'),
(2,  'khalid@example.com',     1, '2026-02-03 14:25:00'),
(3,  'noura@example.com',      1, '2026-02-20 09:20:00'),
(4,  'fahad@example.com',      0, '2026-03-05 16:50:00'),
(5,  'reem@example.com',       1, '2026-03-18 11:05:00'),
(6,  'omar@example.com',       1, '2026-04-02 08:35:00'),
(7,  'hind@example.com',       1, '2026-04-14 13:25:00'),
(8,  'news1@mail.com',         1, '2026-04-20 10:00:00'),
(9,  'news2@mail.com',         1, '2026-04-25 12:00:00'),
(10, 'news3@mail.com',         0, '2026-05-01 09:00:00'),
(11, 'news4@mail.com',         1, '2026-05-05 14:30:00'),
(12, 'news5@mail.com',         1, '2026-05-10 16:00:00'),
(13, 'badr@example.com',       1, '2026-04-28 17:05:00'),
(14, 'news6@mail.com',         1, '2026-05-15 08:00:00'),
(15, 'mohammedzomlot2@gmail.com', 1, '2026-05-27 11:40:00');

-- ============================================================
-- 9. محاولات تسجيل الدخول للاختبار (login_attempts)
-- ============================================================

INSERT INTO `login_attempts` (`id`, `ip_address`, `attempts`, `last_attempt`) VALUES
(1, '192.168.1.100', 2, '2026-05-27 08:00:00'),
(2, '192.168.1.101', 5, '2026-05-27 09:30:00'),
(3, '10.0.0.50',     1, '2026-05-28 07:15:00');

-- ============================================================
-- تحديث AUTO_INCREMENT بعد الإدراج
-- ============================================================

ALTER TABLE `users`                   MODIFY `user_id`                  int(11) NOT NULL AUTO_INCREMENT, AUTO_INCREMENT=11;
ALTER TABLE `products`                MODIFY `product_id`               int(11) NOT NULL AUTO_INCREMENT, AUTO_INCREMENT=17;
ALTER TABLE `orders`                  MODIFY `order_id`                 int(11) NOT NULL AUTO_INCREMENT, AUTO_INCREMENT=13;
ALTER TABLE `order_items`             MODIFY `order_item_id`            int(11) NOT NULL AUTO_INCREMENT, AUTO_INCREMENT=29;
ALTER TABLE `cart_items`              MODIFY `cart_id`                  int(11) NOT NULL AUTO_INCREMENT, AUTO_INCREMENT=10;
ALTER TABLE `contacts`                MODIFY ` message_id`              int(11) NOT NULL AUTO_INCREMENT, AUTO_INCREMENT=11;
ALTER TABLE `newsletter_subscribers`  MODIFY `newsletter_subscriber_id` int(11) NOT NULL AUTO_INCREMENT, AUTO_INCREMENT=16;
ALTER TABLE `login_attempts`          MODIFY `id`                       int(11) NOT NULL AUTO_INCREMENT, AUTO_INCREMENT=4;

-- تفعيل فحص المفاتيح الخارجية مجدداً
SET FOREIGN_KEY_CHECKS = 1;

-- ============================================================
-- تم! البيانات التجريبية جاهزة ✓
-- ============================================================
-- ملخص ما تم إضافته:
--   users:                   9 مستخدمين (1 أدمن + 8 عملاء) + حسابك الموجود
--   products:                16 منتج في 5 فئات
--   orders:                  12 طلب بحالات مختلفة (pending/paid/shipped/delivered/cancelled)
--   order_items:             28 عنصر طلب
--   cart_items:              9 عناصر في السلة لعدة مستخدمين
--   contacts:                10 رسائل تواصل
--   newsletter_subscribers:  15 مشترك
--   login_attempts:          3 سجلات
-- ============================================================
-- بيانات الدخول التجريبية:
--   أدمن:    admin@matjarna.com  / Test@1234
--   عميل:    sara@example.com   / Test@1234
--   عميل:    khalid@example.com / Test@1234
-- ============================================================
